股票代码,股票简称,最新价,最新涨跌幅,涨停[20251028],首次涨停时间[20251028],最终涨停时间[20251028],涨停明细数据[20251028],连续涨停天数[20251028],涨停原因类别[20251028],涨停封单量[20251028],涨停封单额[20251028],涨停封单量占成交量比[20251028],涨停封单量占流通a股比[20251028],涨停开板次数[20251028],a股市值(不含限售股)[20251028],几天几板[20251028],涨停类型[20251028],market_code,code
000753.SZ,漳州发展,8.88,10.037174721,涨停, 09:40:06, 13:30:48,"[{""code"":""000753.SZ"",""time"":1761615606000,""openTime"":1761615624000,""duration"":15000,""updatedTime"":1761615624000,""firstVol"":2.7749254E7,""highestVol"":2.7749254E7,""firstVolDivLTGB"":0.027987679050707766,""firstVolDivVol"":0.442179,""highestVolDivLTGB"":0.027987679050707766,""highestVolDivVol"":0.442179},{""code"":""000753.SZ"",""time"":1761615864000,""openTime"":1761615972000,""duration"":105000,""updatedTime"":1761615972000,""firstVol"":1.62738E7,""highestVol"":1.8201485E7,""firstVolDivLTGB"":0.01641362651894743,""firstVolDivVol"":0.202155,""highestVolDivLTGB"":0.018357874428850292,""highestVolDivVol"":0.222591},{""code"":""000753.SZ"",""time"":1761628434000,""openTime"":1761629445000,""duration"":1008000,""updatedTime"":1761629445000,""firstVol"":2.5650587E7,""highestVol"":2.8994787E7,""firstVolDivLTGB"":0.0258709800421394,""firstVolDivVol"":0.165001,""highestVolDivLTGB"":0.02924391382556208,""highestVolDivVol"":0.185659},{""code"":""000753.SZ"",""time"":1761629448000,""openTime"":null,""duration"":5352000,""updatedTime"":1761637482000,""firstVol"":1.0339565E7,""highestVol"":1.8319502E7,""firstVolDivLTGB"":0.010428403831826659,""firstVolDivVol"":0.062889,""highestVolDivLTGB"":0.018476905445631044,""highestVolDivVol"":0.110929}]",2,海峡两岸+水务+信创+光伏+漳州国资,8002510,71062288.8,4.639729310326334,0.8071268563835243,3,8804351900.000,2天2板,放量涨停,33,000753
002305.SZ,*ST南置,2.69,5.078125,涨停, 09:39:15, 14:55:54,"[{""code"":""002305.SZ"",""time"":1761615555000,""openTime"":1761615621000,""duration"":63000,""updatedTime"":1761615621000,""firstVol"":5200.0,""highestVol"":1777900.0,""firstVolDivLTGB"":2.998667998595027E-6,""firstVolDivVol"":6.5E-5,""highestVolDivLTGB"":0.0010252561220580958,""highestVolDivVol"":0.02218},{""code"":""002305.SZ"",""time"":1761615759000,""openTime"":1761616032000,""duration"":270000,""updatedTime"":1761616032000,""firstVol"":43700.0,""highestVol"":5438000.0,""firstVolDivLTGB"":2.5200344526654363E-5,""firstVolDivVol"":5.09E-4,""highestVolDivLTGB"":0.00313591472622303,""highestVolDivVol"":0.062926},{""code"":""002305.SZ"",""time"":1761616068000,""openTime"":1761618519000,""duration"":2448000,""updatedTime"":1761618519000,""firstVol"":17200.0,""highestVol"":6244800.0,""firstVolDivLTGB"":9.918671072275859E-6,""firstVolDivVol"":1.91E-4,""highestVolDivLTGB"":0.003601169599543505,""highestVolDivVol"":0.068592},{""code"":""002305.SZ"",""time"":1761618630000,""openTime"":1761630228000,""duration"":6198000,""updatedTime"":1761630228000,""firstVol"":367000.0,""highestVol"":6082000.0,""firstVolDivLTGB"":2.1163676067007211E-4,""firstVolDivVol"":0.003705,""highestVolDivLTGB"":0.0035072882245105685,""highestVolDivVol"":0.060604},{""code"":""002305.SZ"",""time"":1761630339000,""openTime"":1761630384000,""duration"":42000,""updatedTime"":1761630384000,""firstVol"":135847.0,""highestVol"":1017847.0,""firstVolDivLTGB"":7.833847146252666E-5,""firstVolDivVol"":0.001261,""highestVolDivLTGB"":5.869586973780678E-4,""highestVolDivVol"":0.009447},{""code"":""002305.SZ"",""time"":1761630414000,""openTime"":1761630477000,""duration"":60000,""updatedTime"":1761630477000,""firstVol"":26347.0,""highestVol"":160647.0,""firstVolDivLTGB"":1.5193443415189073E-5,""firstVolDivVol"":2.42E-4,""highestVolDivLTGB"":9.263981114813372E-5,""highestVolDivVol"":0.001475},{""code"":""002305.SZ"",""time"":1761630483000,""openTime"":1761630489000,""duration"":3000,""updatedTime"":1761630489000,""firstVol"":1047.0,""highestVol"":1047.0,""firstVolDivLTGB"":6.037702681786526E-7,""firstVolDivVol"":1.0E-5,""highestVolDivLTGB"":6.037702681786526E-7,""highestVolDivVol"":1.0E-5},{""code"":""002305.SZ"",""time"":1761630492000,""openTime"":1761630756000,""duration"":261000,""updatedTime"":1761630756000,""firstVol"":3147.0,""highestVol"":817147.0,""firstVolDivLTGB"":1.8147708060727982E-6,""firstVolDivVol"":2.9E-5,""highestVolDivLTGB"":4.712216459707559E-4,""highestVolDivVol"":0.007462},{""code"":""002305.SZ"",""time"":1761630789000,""openTime"":1761630840000,""duration"":48000,""updatedTime"":1761630840000,""firstVol"":44447.0,""highestVol"":198147.0,""firstVolDivLTGB"":2.5631114717990996E-5,""firstVolDivVol"":4.02E-4,""highestVolDivLTGB"":1.1426482075338632E-4,""highestVolDivVol"":0.001791},{""code"":""002305.SZ"",""time"":1761630978000,""openTime"":1761631137000,""duration"":156000,""updatedTime"":1761631137000,""firstVol"":19447.0,""highestVol"":236647.0,""firstVolDivLTGB"":1.1214441647822595E-5,""firstVolDivVol"":1.74E-4,""highestVolDivLTGB"":1.3646649728144564E-4,""highestVolDivVol"":0.00211},{""code"":""002305.SZ"",""time"":1761631383000,""openTime"":1761631386000,""duration"":0,""updatedTime"":1761631386000,""firstVol"":32447.0,""highestVol"":32447.0,""firstVolDivLTGB"":1.871111164431016E-5,""firstVolDivVol"":2.85E-4,""highestVolDivLTGB"":1.871111164431016E-5,""highestVolDivVol"":2.85E-4},{""code"":""002305.SZ"",""time"":1761631395000,""openTime"":1761631407000,""duration"":9000,""updatedTime"":1761631407000,""firstVol"":10047.0,""highestVol"":94747.0,""firstVolDivLTGB"":5.793772573439276E-6,""firstVolDivVol"":8.8E-5,""highestVolDivLTGB"":5.463746093516981E-5,""highestVolDivVol"":8.31E-4},{""code"":""002305.SZ"",""time"":1761631422000,""openTime"":1761631428000,""duration"":3000,""updatedTime"":1761631428000,""firstVol"":23947.0,""highestVol"":29647.0,""firstVolDivLTGB"":1.3809442800452907E-5,""firstVolDivVol"":2.1E-4,""highestVolDivLTGB"":1.7096444260451303E-5,""highestVolDivVol"":2.6E-4},{""code"":""002305.SZ"",""time"":1761631638000,""openTime"":1761631650000,""duration"":9000,""updatedTime"":1761631650000,""firstVol"":2647.0,""highestVol"":34547.0,""firstVolDivLTGB"":1.52643734466943E-6,""firstVolDivVol"":2.3E-5,""highestVolDivLTGB"":1.992211218220431E-5,""highestVolDivVol"":2.98E-4},{""code"":""002305.SZ"",""time"":1761631689000,""openTime"":1761634482000,""duration"":2790000,""updatedTime"":1761634482000,""firstVol"":110147.0,""highestVol"":1925500.0,""firstVolDivLTGB"":6.351813154639355E-5,""firstVolDivVol"":9.49E-4,""highestVolDivLTGB"":0.00111037215986437,""highestVolDivVol"":0.016139},{""code"":""002305.SZ"",""time"":1761634494000,""openTime"":1761634503000,""duration"":6000,""updatedTime"":1761634503000,""firstVol"":8300.0,""highestVol"":28700.0,""firstVolDivLTGB"":4.786335459295909E-6,""firstVolDivVol"":6.8E-5,""highestVolDivLTGB"":1.6550340684553325E-5,""highestVolDivVol"":2.36E-4},{""code"":""002305.SZ"",""time"":1761634542000,""openTime"":1761634548000,""duration"":3000,""updatedTime"":1761634548000,""firstVol"":106800.0,""highestVol"":106800.0,""firstVolDivLTGB"":6.15880273557594E-5,""firstVolDivVol"":8.76E-4,""highestVolDivLTGB"":6.15880273557594E-5,""highestVolDivVol"":8.76E-4},{""code"":""002305.SZ"",""time"":1761634554000,""openTime"":null,""duration"":246000,""updatedTime"":1761637497000,""firstVol"":23600.0,""highestVol"":321500.0,""firstVolDivLTGB"":1.360933937823897E-5,""firstVolDivVol"":1.93E-4,""highestVolDivLTGB"":1.8539841568236562E-4,""highestVolDivVol"":0.002626}]",1,资产重组+商业地产+央企+ST板块,304500,819105,0.24823878454725712,0.01755950779946511,17,4664737800.000,13天8板,放量涨停,33,002305
603378.SH,亚士创能,8.27,9.973404255,涨停, 09:34:10, 10:38:28,"[{""code"":""603378.SH"",""time"":1761615250000,""openTime"":1761615253000,""duration"":0,""updatedTime"":1761615253000,""firstVol"":54678.0,""highestVol"":54678.0,""firstVolDivLTGB"":1.2757449462238204E-4,""firstVolDivVol"":0.00201,""highestVolDivLTGB"":1.2757449462238204E-4,""highestVolDivVol"":0.00201},{""code"":""603378.SH"",""time"":1761615547000,""openTime"":1761616021000,""duration"":471000,""updatedTime"":1761616021000,""firstVol"":2355571.0,""highestVol"":7749129.0,""firstVolDivLTGB"":0.0054960089957960985,""firstVolDivVol"":0.059334,""highestVolDivLTGB"":0.018080237315531746,""highestVolDivVol"":0.190971},{""code"":""603378.SH"",""time"":1761616039000,""openTime"":1761619084000,""duration"":3042000,""updatedTime"":1761619084000,""firstVol"":1.0008389E7,""highestVol"":1.0008389E7,""firstVolDivLTGB"":0.023351533864794022,""firstVolDivVol"":0.225712,""highestVolDivLTGB"":0.023351533864794022,""highestVolDivVol"":0.225712},{""code"":""603378.SH"",""time"":1761619108000,""openTime"":null,""duration"":10320000,""updatedTime"":1761636691000,""firstVol"":5081000.0,""highestVol"":9258950.0,""firstVolDivLTGB"":0.01185496922302065,""firstVolDivVol"":0.103542,""highestVolDivLTGB"":0.021602945736565057,""highestVolDivVol"":0.187294}]",3,功能涂料+AI知识库+长三角一体化+人形机器人,1980506,16378784.62,3.7826049098616865,0.4620908812440019,3,3544494200.000,3天3板,放量涨停,17,603378
000638.SZ,*ST万方,6.33,4.975124378,涨停, 09:25:00, 09:25:00,"[{""code"":""000638.SZ"",""time"":1761614700000,""openTime"":null,""duration"":14406000,""updatedTime"":1761637497000,""firstVol"":8480800.0,""highestVol"":9269400.0,""firstVolDivLTGB"":0.027344576136677172,""firstVolDivVol"":38.219018,""highestVolDivLTGB"":0.029887252858376026,""highestVolDivVol"":19.08855}]",5,控制权变更+军工+虾青素+地方国资,4646523,29412490.59,494.53349752069283,1.4981747234261111,0,1963221700.000,12天10板,一字涨停||缩量涨停,33,000638
000657.SZ,中钨高新,22.51,10.019550342,涨停, 09:59:21, 10:09:12,"[{""code"":""000657.SZ"",""time"":1761616761000,""openTime"":1761616842000,""duration"":78000,""updatedTime"":1761616842000,""firstVol"":4.4847891E7,""highestVol"":4.7349091E7,""firstVolDivLTGB"":0.031049942016647084,""firstVolDivVol"":0.456836,""highestVolDivLTGB"":0.0327816202124409,""highestVolDivVol"":0.481659},{""code"":""000657.SZ"",""time"":1761617100000,""openTime"":1761617328000,""duration"":225000,""updatedTime"":1761617328000,""firstVol"":3.5910376E7,""highestVol"":4.3585476E7,""firstVolDivLTGB"":0.024862152215719465,""firstVolDivVol"":0.30753,""highestVolDivLTGB"":0.03017592293398954,""highestVolDivVol"":0.370925},{""code"":""000657.SZ"",""time"":1761617352000,""openTime"":null,""duration"":12105000,""updatedTime"":1761637503000,""firstVol"":1.1802912E7,""highestVol"":2.2686712E7,""firstVolDivLTGB"":0.008171615767340944,""firstVolDivVol"":0.094892,""highestVolDivLTGB"":0.015706894492505157,""highestVolDivVol"":0.180336}]",1,钨矿收购+三季报增长+PCB微钻+央企,6121645,137798228.95,4.182404828204352,0.4238253305969226,2,32512976000.000,首板涨停,放量涨停,33,000657
603171.SH,税友股份,49.82,10.002207993,涨停, 10:09:29, 10:09:29,"[{""code"":""603171.SH"",""time"":1761617369000,""openTime"":null,""duration"":12045000,""updatedTime"":1761636680000,""firstVol"":9039979.0,""highestVol"":9039979.0,""firstVolDivLTGB"":0.02227199241173717,""firstVolDivVol"":1.501218,""highestVolDivLTGB"":0.02227199241173717,""highestVolDivVol"":1.501218}]",1,财税SaaS+AI大模型+数电发票+鸿蒙合作,1851002,92216919.64,25.30337358811839,0.45603537904358327,0,20221440000.000,首板涨停,放量涨停,17,603171
603280.SH,南方路机,42.65,10.007737942,涨停, 13:04:41, 13:04:41,"[{""code"":""603280.SH"",""time"":1761627881000,""openTime"":null,""duration"":6921000,""updatedTime"":1761636698000,""firstVol"":9288400.0,""highestVol"":9288400.0,""firstVolDivLTGB"":0.3324211114533718,""firstVolDivVol"":1.14594,""highestVolDivLTGB"":0.3324211114533718,""highestVolDivVol"":1.14594}]",1,海峡两岸+海工装备+工程机械+全球化,2307410,98411036.5,24.579147569371028,8.257953972466996,0,1191712100.000,首板涨停,放量涨停,17,603280
000592.SZ,平潭发展,5.49,10.02004008,涨停, 09:25:00, 09:25:00,"[{""code"":""000592.SZ"",""time"":1761614700000,""openTime"":null,""duration"":14472000,""updatedTime"":1761637464000,""firstVol"":1.847446E8,""highestVol"":1.847446E8,""firstVolDivLTGB"":0.0964677188803432,""firstVolDivVol"":63.883468,""highestVolDivLTGB"":0.0964677188803432,""highestVolDivVol"":63.883468}]",4,海峡两岸+平潭开发+林业+菌草,93401233,512772769.17,1155.102821963038,4.877113533018792,0,10513857500.000,8天6板,一字涨停||缩量涨停,33,000592
603256.SH,宏和科技,38.48,10.005717553,涨停, 09:51:59, 09:54:08,"[{""code"":""603256.SH"",""time"":1761616319000,""openTime"":1761616337000,""duration"":15000,""updatedTime"":1761616337000,""firstVol"":1.04563E7,""highestVol"":1.04563E7,""firstVolDivLTGB"":0.011885839649209556,""firstVolDivVol"":0.637389,""highestVolDivLTGB"":0.011885839649209556,""highestVolDivVol"":0.637389},{""code"":""603256.SH"",""time"":1761616373000,""openTime"":1761616409000,""duration"":33000,""updatedTime"":1761616409000,""firstVol"":1527300.0,""highestVol"":7370500.0,""firstVolDivLTGB"":0.0017361057827565923,""firstVolDivVol"":0.081916,""highestVolDivLTGB"":0.008378162556018767,""highestVolDivVol"":0.390335},{""code"":""603256.SH"",""time"":1761616448000,""openTime"":null,""duration"":12967000,""updatedTime"":1761636680000,""firstVol"":61300.0,""highestVol"":1.10425E7,""firstVolDivLTGB"":6.968066816144772E-5,""firstVolDivVol"":0.002956,""highestVolDivLTGB"":0.012552182351921475,""highestVolDivVol"":0.509033}]",1,PCB+芯片+半年报增长+政府补贴,2328100,89585288,8.575522502412683,0.2646387659815113,2,33851914000.000,首板涨停,放量涨停,17,603256
600601.SH,方正科技,13.19,10.008340284,涨停, 13:48:21, 13:48:21,"[{""code"":""600601.SH"",""time"":1761630501000,""openTime"":null,""duration"":4299000,""updatedTime"":1761636696000,""firstVol"":1.00415078E8,""highestVol"":1.27653221E8,""firstVolDivLTGB"":0.02407866092128882,""firstVolDivVol"":0.205188,""highestVolDivLTGB"":0.030610130322951554,""highestVolDivVol"":0.259456}]",1,三季报增长+光模块+PCB+珠海国资,21402614,282300478.66,4.134473707027675,0.5132160384670805,0,55006168000.000,3天2板,放量涨停,17,600601
000969.SZ,安泰科技,22.98,10.004786979,涨停, 09:30:33, 13:40:06,"[{""code"":""000969.SZ"",""time"":1761615033000,""openTime"":1761629940000,""duration"":9522000,""updatedTime"":1761629940000,""firstVol"":3100689.0,""highestVol"":4.540118E7,""firstVolDivLTGB"":0.003001073020735573,""firstVolDivVol"":0.078552,""highestVolDivLTGB"":0.04394257418514384,""highestVolDivVol"":1.041424},{""code"":""000969.SZ"",""time"":1761629973000,""openTime"":1761629976000,""duration"":0,""updatedTime"":1761629976000,""firstVol"":1.471E7,""highestVol"":1.471E7,""firstVolDivLTGB"":0.014237411147980425,""firstVolDivVol"":0.176896,""highestVolDivLTGB"":0.014237411147980425,""highestVolDivVol"":0.176896},{""code"":""000969.SZ"",""time"":1761630006000,""openTime"":null,""duration"":4794000,""updatedTime"":1761637482000,""firstVol"":3.982843E7,""highestVol"":4.730743E7,""firstVolDivLTGB"":0.03854886018277077,""firstVolDivVol"":0.424513,""highestVolDivLTGB"":0.0457875820030118,""highestVolDivVol"":0.500726}]",2,可控核聚变+钨钼材料+稀土永磁+央企,14381892,330495878.16,14.324004543677681,1.3919844288908938,2,23742786000.000,2天2板,缩量涨停,33,000969
603162.SH,海通发展,11.95,10.036832413,涨停, 13:07:05, 13:07:05,"[{""code"":""603162.SH"",""time"":1761628025000,""openTime"":null,""duration"":6777000,""updatedTime"":1761636695000,""firstVol"":3.5375557E7,""highestVol"":3.5930457E7,""firstVolDivLTGB"":0.1269716274583976,""firstVolDivVol"":0.728117,""highestVolDivLTGB"":0.1289633008637567,""highestVolDivVol"":0.739164}]",1,海峡两岸+干散货航运+百船计划,7992146,95506144.7,14.54709329740359,2.8685789583613412,0,3329388700.000,首板涨停,放量涨停,17,603162
000908.SZ,*ST景峰,8.07,4.941482445,涨停, 09:25:00, 09:25:00,"[{""code"":""000908.SZ"",""time"":1761614700000,""openTime"":null,""duration"":14448000,""updatedTime"":1761637476000,""firstVol"":7980107.0,""highestVol"":1.0665061E7,""firstVolDivLTGB"":0.009070629293669872,""firstVolDivVol"":6.310914,""highestVolDivLTGB"":0.012122495942144146,""highestVolDivVol"":5.701293}]",3,重整受理+创新药+医药制造+ST板块,9013561,72739437.27,442.87481715906586,1.0245310049963028,0,7099779000.000,3天3板,一字涨停||缩量涨停,33,000908
000011.SZ,深物业A,11.06,10.049751244,涨停, 13:25:06, 13:25:06,"[{""code"":""000011.SZ"",""time"":1761629106000,""openTime"":null,""duration"":5694000,""updatedTime"":1761637503000,""firstVol"":5.0793447E7,""highestVol"":5.1004147E7,""firstVolDivLTGB"":0.09647826508818473,""firstVolDivVol"":1.651071,""highestVolDivLTGB"":0.09687847361221108,""highestVolDivVol"":1.654291}]",1,深圳国资+房地产+半年报增长,7336766,81144631.96,20.057554468987263,1.3935625495902664,0,5822819500.000,首板涨停,放量涨停,33,000011
002717.SZ,ST岭南,1.94,4.864864865,涨停, 10:42:54, 10:42:54,"[{""code"":""002717.SZ"",""time"":1761619374000,""openTime"":null,""duration"":10056000,""updatedTime"":1761637470000,""firstVol"":2.8104E7,""highestVol"":3.6923E7,""firstVolDivLTGB"":0.017399702069106522,""firstVolDivVol"":0.19783,""highestVolDivLTGB"":0.02285970678542628,""highestVolDivVol"":0.258651}]",1,生态文旅+水务治理+中山国资+ST板块,14845700,28800658,9.93589524787434,0.9191245267838554,0,3133488100.000,4天3板,放量涨停,33,002717
600802.SH,福建水泥,7.1,10.07751938,涨停, 09:32:25, 09:33:07,"[{""code"":""600802.SH"",""time"":1761615145000,""openTime"":1761615169000,""duration"":21000,""updatedTime"":1761615169000,""firstVol"":1098140.0,""highestVol"":6719140.0,""firstVolDivLTGB"":0.002396385890272612,""firstVolDivVol"":0.043464,""highestVolDivLTGB"":0.014662658942180704,""highestVolDivVol"":0.252643},{""code"":""600802.SH"",""time"":1761615187000,""openTime"":null,""duration"":14232000,""updatedTime"":1761636676000,""firstVol"":1.1133E7,""highestVol"":1.9731816E7,""firstVolDivLTGB"":0.024294683843958866,""firstVolDivVol"":0.357131,""highestVolDivLTGB"":0.043059214172924555,""highestVolDivVol"":0.607773}]",2,水泥+扭亏+海峡两岸+福建国资,6892799,48938872.9,17.22921067517329,1.5041621531029896,1,3253563600.000,2天2板,放量涨停,17,600802
601606.SH,长城军工,54.98,10.004001601,涨停, 13:20:33, 13:49:06,"[{""code"":""601606.SH"",""time"":1761628833000,""openTime"":1761629586000,""duration"":750000,""updatedTime"":1761629586000,""firstVol"":2.9762707E7,""highestVol"":3.5878207E7,""firstVolDivLTGB"":0.04109574686659623,""firstVolDivVol"":0.374219,""highestVolDivLTGB"":0.04953990619533838,""highestVolDivVol"":0.443463},{""code"":""601606.SH"",""time"":1761629634000,""openTime"":1761629652000,""duration"":15000,""updatedTime"":1761629652000,""firstVol"":907900.0,""highestVol"":4121500.0,""firstVolDivLTGB"":0.001253610048984547,""firstVolDivVol"":0.00989,""highestVolDivLTGB"":0.0056908842569554025,""highestVolDivVol"":0.044838},{""code"":""601606.SH"",""time"":1761630546000,""openTime"":null,""duration"":4257000,""updatedTime"":1761636693000,""firstVol"":9168701.0,""highestVol"":1.1710101E7,""firstVolDivLTGB"":0.012659957825459481,""firstVolDivVol"":0.084731,""highestVolDivLTGB"":0.016169071801105838,""highestVolDivVol"":0.107923}]",1,弹药装备+军工投资+季度盈利,3845036,211400079.28,3.4301526867545653,0.530914832944966,2,39818077000.000,首板涨停,放量涨停,17,601606
000752.SZ,ST西发,11.76,5,涨停, 09:25:00, 09:25:00,"[{""code"":""000752.SZ"",""time"":1761614700000,""openTime"":null,""duration"":14496000,""updatedTime"":1761637452000,""firstVol"":2571600.0,""highestVol"":2591700.0,""firstVolDivLTGB"":0.00974982830031432,""firstVolDivVol"":7.094069,""highestVolDivLTGB"":0.009826034377789946,""highestVolDivVol"":4.060316}]",1,啤酒+三季报大增+ST板块+预重整,1725499,20291868.24,107.7089839519451,0.654196569542855,0,3101799900.000,首板涨停,一字涨停||缩量涨停,33,000752
600556.SH,天下秀,6.11,10.09009009,涨停, 09:49:28, 10:04:10,"[{""code"":""600556.SH"",""time"":1761616168000,""openTime"":1761616180000,""duration"":9000,""updatedTime"":1761616180000,""firstVol"":5.3982E7,""highestVol"":5.3982E7,""firstVolDivLTGB"":0.029861468905182507,""firstVolDivVol"":1.105207,""highestVolDivLTGB"":0.029861468905182507,""highestVolDivVol"":1.105207},{""code"":""600556.SH"",""time"":1761616510000,""openTime"":1761616597000,""duration"":84000,""updatedTime"":1761616597000,""firstVol"":6.8188313E7,""highestVol"":8.2380113E7,""firstVolDivLTGB"":0.03772003979745753,""firstVolDivVol"":0.567994,""highestVolDivLTGB"":0.04557058246739508,""highestVolDivVol"":0.671516},{""code"":""600556.SH"",""time"":1761617050000,""openTime"":null,""duration"":12363000,""updatedTime"":1761636679000,""firstVol"":6.38454E7,""highestVol"":7.78559E7,""firstVolDivLTGB"":0.0353176508250702,""firstVolDivVol"":0.376855,""highestVolDivLTGB"":0.04306790294792706,""highestVolDivVol"":0.456181}]",1,AI营销+红人经济+出海业务,12160683,74301773.13,6.392232691829788,0.6726980424405942,2,11045338100.000,首板涨停,放量涨停,17,600556
920748.BJ,路桥信息,59.77,29.991300565,涨停, 13:08:41, 13:41:23,"[{""code"":""920748.BJ"",""time"":1761628121000,""openTime"":1761629846000,""duration"":1722000,""updatedTime"":1761629846000,""firstVol"":237763.0,""highestVol"":2688884.0,""firstVolDivLTGB"":0.003813508384247503,""firstVolDivVol"":0.039457,""highestVolDivLTGB"":0.04312732291512541,""highestVolDivVol"":0.425751},{""code"":""920748.BJ"",""time"":1761629909000,""openTime"":1761629969000,""duration"":57000,""updatedTime"":1761629969000,""firstVol"":19872.0,""highestVol"":657225.0,""firstVolDivLTGB"":3.187293170584421E-4,""firstVolDivVol"":0.002749,""highestVolDivLTGB"":0.010541308142297435,""highestVolDivVol"":0.090641},{""code"":""920748.BJ"",""time"":1761629981000,""openTime"":1761630005000,""duration"":21000,""updatedTime"":1761630005000,""firstVol"":24623.0,""highestVol"":36628.0,""firstVolDivLTGB"":3.9493115810839476E-4,""firstVolDivVol"":0.00334,""highestVolDivLTGB"":5.874807480483403E-4,""highestVolDivVol"":0.004967},{""code"":""920748.BJ"",""time"":1761630083000,""openTime"":null,""duration"":4719000,""updatedTime"":1761636599000,""firstVol"":70627.0,""highestVol"":617307.0,""firstVolDivLTGB"":0.0011327946596158712,""firstVolDivVol"":0.009439,""highestVolDivLTGB"":0.009901058701962345,""highestVolDivVol"":0.082416}]",1,厦门国资+智慧交通+低空经济,506795,30291137.15,6.605580519340869,0.8128543892845872,3,3726514600.000,首板涨停,放量涨停,151,920748
002196.SZ,方正电机,9.92,9.977827051,涨停, 09:31:00, 09:31:00,"[{""code"":""002196.SZ"",""time"":1761615060000,""openTime"":null,""duration"":14358000,""updatedTime"":1761637482000,""firstVol"":4.5498389E7,""highestVol"":6.1667489E7,""firstVolDivLTGB"":0.09317990738150403,""firstVolDivVol"":1.882611,""highestVolDivLTGB"":0.12629394226397594,""highestVolDivVol"":2.407089}]",1,三季报暴增+人形机器人+新能源电机+国企改革,11576000,114833920,33.13694863091674,2.37074461658036,0,4843791200.000,首板涨停,放量涨停,33,002196
002629.SZ,仁智股份,9.56,10.01150748,涨停, 11:24:48, 11:24:48,"[{""code"":""002629.SZ"",""time"":1761621888000,""openTime"":null,""duration"":7527000,""updatedTime"":1761637485000,""firstVol"":5.14994E7,""highestVol"":5.14994E7,""firstVolDivLTGB"":0.12166335829036184,""firstVolDivVol"":1.648899,""highestVolDivLTGB"":0.12166335829036184,""highestVolDivVol"":1.648899}]",1,油服工程+光伏+新材料+减亏,9405536,89916924.16,26.491953481935752,2.2219852974615173,0,4046693000.000,首板涨停,放量涨停,33,002629
600408.SH,安泰集团,3.23,9.863945578,涨停, 14:35:59, 14:35:59,"[{""code"":""600408.SH"",""time"":1761633359000,""openTime"":null,""duration"":1443000,""updatedTime"":1761636671000,""firstVol"":8.50071E7,""highestVol"":9.0449E7,""firstVolDivLTGB"":0.08443295589988081,""firstVolDivVol"":0.440211,""highestVolDivLTGB"":0.08983810091378626,""highestVolDivVol"":0.463882}]",1,焦炭+型钢+煤炭板块+减亏,27635680,89263246.4,12.063778858961442,2.7449026618990864,0,3251964000.000,9天5板,放量涨停,17,600408
600302.SH,标准股份,8.15,9.986504723,涨停, 09:25:02, 09:25:02,"[{""code"":""600302.SH"",""time"":1761614702000,""openTime"":null,""duration"":14431000,""updatedTime"":1761636677000,""firstVol"":1.5638E7,""highestVol"":1.5638E7,""firstVolDivLTGB"":0.04519525117270955,""firstVolDivVol"":10.154545,""highestVolDivLTGB"":0.04519525117270955,""highestVolDivVol"":10.154545}]",1,控制权变更+国企改革+缝制设备+机器人,7658200,62414330,143.8186632612819,2.2132898870114097,0,2819979900.000,首板涨停,一字涨停||缩量涨停,17,600302
300300.SZ,海峡创新,9.19,19.973890339,涨停, 09:40:42, 09:41:27,"[{""code"":""300300.SZ"",""time"":1761615642000,""openTime"":1761615663000,""duration"":18000,""updatedTime"":1761615663000,""firstVol"":3.9249019E7,""highestVol"":3.9249019E7,""firstVolDivLTGB"":0.05886134902738195,""firstVolDivVol"":0.356829,""highestVolDivLTGB"":0.05886134902738195,""highestVolDivVol"":0.356829},{""code"":""300300.SZ"",""time"":1761615687000,""openTime"":null,""duration"":13716000,""updatedTime"":1761637500000,""firstVol"":4.4748801E7,""highestVol"":4.6606657E7,""firstVolDivLTGB"":0.0671093153746813,""firstVolDivVol"":0.356937,""highestVolDivLTGB"":0.06989552285820122,""highestVolDivVol"":0.363197}]",2,海峡两岸+智慧城市+算力+摘帽,14856935,136535232.65,10.956343973626783,2.228079220303893,1,6127934400.000,2天2板,放量涨停,33,300300
001288.SZ,运机集团,29.61,9.992570579,涨停, 10:33:24, 10:33:24,"[{""code"":""001288.SZ"",""time"":1761618804000,""openTime"":null,""duration"":10599000,""updatedTime"":1761637497000,""firstVol"":1.5013993E7,""highestVol"":1.5224093E7,""firstVolDivLTGB"":0.09894012108657997,""firstVolDivVol"":2.015973,""highestVolDivLTGB"":0.10032465080097977,""highestVolDivVol"":2.043717}]",1,机器人+三季报增长+华为合作+智能输送,2185108,64701047.88,21.846922530642416,1.4399557140279378,0,4493266500.000,首板涨停,放量涨停,33,001288
300589.SZ,江龙船艇,15.07,19.984076433,涨停, 13:11:45, 14:55:12,"[{""code"":""300589.SZ"",""time"":1761628305000,""openTime"":1761629619000,""duration"":1311000,""updatedTime"":1761629619000,""firstVol"":5.455484E7,""highestVol"":7.269594E7,""firstVolDivLTGB"":0.23554927207397616,""firstVolDivVol"":2.017847,""highestVolDivLTGB"":0.31387638108247495,""highestVolDivVol"":2.602738},{""code"":""300589.SZ"",""time"":1761629628000,""openTime"":1761629646000,""duration"":15000,""updatedTime"":1761629646000,""firstVol"":1.88496E7,""highestVol"":2.22625E7,""firstVolDivLTGB"":0.081386171399011,""firstVolDivVol"":0.341799,""highestVolDivLTGB"":0.09612191456426038,""highestVolDivVol"":0.403344},{""code"":""300589.SZ"",""time"":1761629694000,""openTime"":1761631257000,""duration"":1560000,""updatedTime"":1761631257000,""firstVol"":2.0226864E7,""highestVol"":2.9469014E7,""firstVolDivLTGB"":0.08733272962654301,""firstVolDivVol"":0.343945,""highestVolDivLTGB"":0.127237194654733,""highestVolDivVol"":0.49341},{""code"":""300589.SZ"",""time"":1761631359000,""openTime"":1761631638000,""duration"":276000,""updatedTime"":1761631638000,""firstVol"":1.245921E7,""highestVol"":1.7318574E7,""firstVolDivLTGB"":0.05379463758150156,""firstVolDivVol"":0.182692,""highestVolDivLTGB"":0.0747757210736809,""highestVolDivVol"":0.252095},{""code"":""300589.SZ"",""time"":1761631653000,""openTime"":1761631674000,""duration"":18000,""updatedTime"":1761631674000,""firstVol"":5895390.0,""highestVol"":8964090.0,""firstVolDivLTGB"":0.025454291921527004,""firstVolDivVol"":0.083634,""highestVolDivLTGB"":0.0387038963784993,""highestVolDivVol"":0.127101},{""code"":""300589.SZ"",""time"":1761631764000,""openTime"":1761631776000,""duration"":9000,""updatedTime"":1761631776000,""firstVol"":410101.0,""highestVol"":708401.0,""firstVolDivLTGB"":0.0017706768460288712,""firstVolDivVol"":0.005649,""highestVolDivLTGB"":0.0030586349421330315,""highestVolDivVol"":0.009749},{""code"":""300589.SZ"",""time"":1761631938000,""openTime"":1761632769000,""duration"":828000,""updatedTime"":1761632769000,""firstVol"":406462.0,""highestVol"":9074562.0,""firstVolDivLTGB"":0.0017549648798481034,""firstVolDivVol"":0.005441,""highestVolDivLTGB"":0.039180876957757835,""highestVolDivVol"":0.121397},{""code"":""300589.SZ"",""time"":1761632817000,""openTime"":1761632955000,""duration"":135000,""updatedTime"":1761632955000,""firstVol"":301300.0,""highestVol"":1572700.0,""firstVolDivLTGB"":0.0013009110772919327,""firstVolDivVol"":0.003852,""highestVolDivLTGB"":0.006790384504669839,""highestVolDivVol"":0.020088},{""code"":""300589.SZ"",""time"":1761632985000,""openTime"":1761633729000,""duration"":741000,""updatedTime"":1761633729000,""firstVol"":127740.0,""highestVol"":2984038.0,""firstVolDivLTGB"":5.515379389753451E-4,""firstVolDivVol"":0.001618,""highestVolDivLTGB"":0.012884062692532573,""highestVolDivVol"":0.037598},{""code"":""300589.SZ"",""time"":1761633741000,""openTime"":1761633768000,""duration"":24000,""updatedTime"":1761633768000,""firstVol"":75020.0,""highestVol"":93320.0,""firstVolDivLTGB"":3.239108829022263E-4,""firstVolDivVol"":9.31E-4,""highestVolDivLTGB"":4.029240681476374E-4,""highestVolDivVol"":0.001158},{""code"":""300589.SZ"",""time"":1761633771000,""openTime"":1761633783000,""duration"":9000,""updatedTime"":1761633783000,""firstVol"":15500.0,""highestVol"":15500.0,""firstVolDivLTGB"":6.692373613682361E-5,""firstVolDivVol"":1.92E-4,""highestVolDivLTGB"":6.692373613682361E-5,""highestVolDivVol"":1.92E-4},{""code"":""300589.SZ"",""time"":1761633786000,""openTime"":1761633813000,""duration"":24000,""updatedTime"":1761633813000,""firstVol"":120.0,""highestVol"":57960.0,""firstVolDivLTGB"":5.181192475108925E-7,""firstVolDivVol"":1.0E-6,""highestVolDivLTGB"":2.502515965477611E-4,""highestVolDivVol"":7.16E-4},{""code"":""300589.SZ"",""time"":1761633870000,""openTime"":1761633933000,""duration"":60000,""updatedTime"":1761633933000,""firstVol"":6300.0,""highestVol"":181400.0,""firstVolDivLTGB"":2.720126049432186E-5,""firstVolDivVol"":7.8E-5,""highestVolDivLTGB"":7.832235958206325E-4,""highestVolDivVol"":0.00223},{""code"":""300589.SZ"",""time"":1761634026000,""openTime"":1761634065000,""duration"":36000,""updatedTime"":1761634065000,""firstVol"":9330.0,""highestVol"":152520.0,""firstVolDivLTGB"":4.028377149397189E-5,""firstVolDivVol"":1.14E-4,""highestVolDivLTGB"":6.585295635863444E-4,""highestVolDivVol"":0.001857},{""code"":""300589.SZ"",""time"":1761634512000,""openTime"":null,""duration"":288000,""updatedTime"":1761637500000,""firstVol"":22900.0,""highestVol"":288241.0,""firstVolDivLTGB"":9.887442306666199E-5,""firstVolDivVol"":2.7E-4,""highestVolDivLTGB"":0.0012445267501815598,""highestVolDivVol"":0.003382}]",1,军工装备+执法船艇+订单增长,288241,4343791.87,0.33817471511249036,0.12445267501815598,14,3490316200.000,首板涨停,放量涨停,33,300589
603228.SH,景旺电子,77.19,10.004275331,涨停, 11:06:40, 14:55:40,"[{""code"":""603228.SH"",""time"":1761620800000,""openTime"":1761620887000,""duration"":84000,""updatedTime"":1761620887000,""firstVol"":6584730.0,""highestVol"":6584730.0,""firstVolDivLTGB"":0.006748568389317357,""firstVolDivVol"":0.16698,""highestVolDivLTGB"":0.006748568389317357,""highestVolDivVol"":0.16698},{""code"":""603228.SH"",""time"":1761620914000,""openTime"":1761628540000,""duration"":2238000,""updatedTime"":1761628540000,""firstVol"":5964931.0,""highestVol"":6581438.0,""firstVolDivLTGB"":0.006113347820041091,""firstVolDivVol"":0.143789,""highestVolDivLTGB"":0.00674519447920447,""highestVolDivVol"":0.15417},{""code"":""603228.SH"",""time"":1761634096000,""openTime"":1761634537000,""duration"":438000,""updatedTime"":1761634537000,""firstVol"":2070220.0,""highestVol"":2240120.0,""firstVolDivLTGB"":0.0021217303140649017,""firstVolDivVol"":0.034133,""highestVolDivLTGB"":0.00229585769200523,""highestVolDivVol"":0.036919},{""code"":""603228.SH"",""time"":1761634540000,""openTime"":null,""duration"":261000,""updatedTime"":1761636676000,""firstVol"":59800.0,""highestVol"":237800.0,""firstVolDivLTGB"":6.128791760348229E-5,""firstVolDivVol"":9.63E-4,""highestVolDivLTGB"":2.437168362225433E-4,""highestVolDivVol"":0.003827}]",2,AI服务器+汽车PCB+珠海扩产+转债赎回,196000,15129240,0.314649327819136,0.020087678679402223,3,75316020000.000,2天2板,放量涨停,17,603228
000421.SZ,南京公用,7.33,10.06006006,涨停, 09:31:45, 09:31:45,"[{""code"":""000421.SZ"",""time"":1761615105000,""openTime"":null,""duration"":14322000,""updatedTime"":1761637473000,""firstVol"":6.94996E7,""highestVol"":7.05213E7,""firstVolDivLTGB"":0.1210169739262658,""firstVolDivVol"":3.134439,""highestVolDivLTGB"":0.12279602074467146,""highestVolDivVol"":3.093623}]",1,三季报大增+旅游客运+新能源+南京国资,10679697,78282179.01,32.73911582811636,1.8596144630895994,0,4209591900.000,首板涨停,放量涨停,33,000421
002677.SZ,浙江美大,7.93,9.986130374,涨停, 09:39:00, 09:39:00,"[{""code"":""002677.SZ"",""time"":1761615540000,""openTime"":null,""duration"":13872000,""updatedTime"":1761637488000,""firstVol"":6.2285581E7,""highestVol"":6.2285581E7,""firstVolDivLTGB"":0.11644978643895441,""firstVolDivVol"":5.312911,""highestVolDivLTGB"":0.11644978643895441,""highestVolDivVol"":5.312911}]",1,集成灶+全屋净水+AI厨电+以旧换新,5704300,45235099,21.02343278164344,1.0664820109548752,0,4241524800.000,首板涨停,放量涨停,33,002677
000609.SZ,ST中迪,6.26,5.033557047,涨停, 09:25:00, 09:25:00,"[{""code"":""000609.SZ"",""time"":1761614700000,""openTime"":null,""duration"":14502000,""updatedTime"":1761637449000,""firstVol"":5.92213E7,""highestVol"":5.92213E7,""firstVolDivLTGB"":0.20346887787473705,""firstVolDivVol"":86.669545,""highestVolDivLTGB"":0.20346887787473705,""highestVolDivVol"":86.669545}]",8,控制权变更+房地产+保交楼+ST板块,18990188,118878576.88,1234.4822116709745,6.524531280114244,0,1822024800.000,8天8板,一字涨停||缩量涨停,33,000609
600897.SH,厦门空港,17.6,10,涨停, 09:39:19, 09:39:19,"[{""code"":""600897.SH"",""time"":1761615559000,""openTime"":null,""duration"":13857000,""updatedTime"":1761636676000,""firstVol"":1.9938804E7,""highestVol"":2.257462E7,""firstVolDivLTGB"":0.04782244671818561,""firstVolDivVol"":2.305638,""highestVolDivLTGB"":0.05414434898569078,""highestVolDivVol"":2.500399}]",1,海峡两岸+海西枢纽+国企改革+半年报增长,3052729,53728030.4,23.000585350182035,0.7321851899821075,0,7338038400.000,首板涨停,放量涨停,17,600897
600658.SH,电子城,6.31,9.930313589,涨停, 10:10:46, 10:10:46,"[{""code"":""600658.SH"",""time"":1761617446000,""openTime"":null,""duration"":11982000,""updatedTime"":1761636697000,""firstVol"":5.60191E7,""highestVol"":5.71746E7,""firstVolDivLTGB"":0.05008032268123163,""firstVolDivVol"":1.028116,""highestVolDivLTGB"":0.05111332415498188,""highestVolDivVol"":1.04651}]",1,量子科技+科技服务+北京国资+国企改革,17486260,110338300.6,26.204630423920804,1.563248148020788,0,7058271600.000,首板涨停,放量涨停,17,600658
000905.SZ,厦门港务,11.44,10,涨停, 09:32:06, 09:32:06,"[{""code"":""000905.SZ"",""time"":1761615126000,""openTime"":null,""duration"":14301000,""updatedTime"":1761637473000,""firstVol"":6.49968E7,""highestVol"":6.57636E7,""firstVolDivLTGB"":0.08761942645659744,""firstVolDivVol"":2.626641,""highestVolDivLTGB"":0.08865311697992966,""highestVolDivVol"":2.391619}]",1,拟收购集装箱资产+港口物流+海峡两岸+福建国资+分红,11115141,127157213.04,28.221418863535973,1.498384965727868,0,8486284600.000,首板涨停,缩量涨停,33,000905
603301.SH,振德医疗,80.95,10.00135888,涨停, 09:45:58, 11:02:04,"[{""code"":""603301.SH"",""time"":1761615958000,""openTime"":1761617203000,""duration"":1242000,""updatedTime"":1761617203000,""firstVol"":3939802.0,""highestVol"":3939802.0,""firstVolDivLTGB"":0.014786204642454568,""firstVolDivVol"":0.445004,""highestVolDivLTGB"":0.014786204642454568,""highestVolDivVol"":0.445004},{""code"":""603301.SH"",""time"":1761617443000,""openTime"":1761617480000,""duration"":33000,""updatedTime"":1761617480000,""firstVol"":1351100.0,""highestVol"":1351100.0,""firstVolDivLTGB"":0.005070722105430772,""firstVolDivVol"":0.113812,""highestVolDivLTGB"":0.005070722105430772,""highestVolDivVol"":0.113812},{""code"":""603301.SH"",""time"":1761617509000,""openTime"":1761617527000,""duration"":16000,""updatedTime"":1761617527000,""firstVol"":778700.0,""highestVol"":778700.0,""firstVolDivLTGB"":0.0029224863470497684,""firstVolDivVol"":0.064188,""highestVolDivLTGB"":0.0029224863470497684,""highestVolDivVol"":0.064188},{""code"":""603301.SH"",""time"":1761617536000,""openTime"":1761617539000,""duration"":0,""updatedTime"":1761617539000,""firstVol"":100.0,""highestVol"":100.0,""firstVolDivLTGB"":3.7530324220492727E-7,""firstVolDivVol"":8.0E-6,""highestVolDivLTGB"":3.7530324220492727E-7,""highestVolDivVol"":8.0E-6},{""code"":""603301.SH"",""time"":1761617542000,""openTime"":1761617545000,""duration"":0,""updatedTime"":1761617545000,""firstVol"":300.0,""highestVol"":300.0,""firstVolDivLTGB"":1.1259097266147818E-6,""firstVolDivVol"":2.5E-5,""highestVolDivLTGB"":1.1259097266147818E-6,""highestVolDivVol"":2.5E-5},{""code"":""603301.SH"",""time"":1761617558000,""openTime"":1761617563000,""duration"":3000,""updatedTime"":1761617563000,""firstVol"":1100.0,""highestVol"":3400.0,""firstVolDivLTGB"":4.1283356642542E-6,""firstVolDivVol"":9.0E-5,""highestVolDivLTGB"":1.2760310234967527E-5,""highestVolDivVol"":2.77E-4},{""code"":""603301.SH"",""time"":1761617569000,""openTime"":1761617585000,""duration"":12000,""updatedTime"":1761617585000,""firstVol"":3100.0,""highestVol"":540415.0,""firstVolDivLTGB"":1.1634400508352746E-5,""firstVolDivVol"":2.53E-4,""highestVolDivLTGB"":0.002028195016361758,""highestVolDivVol"":0.043925},{""code"":""603301.SH"",""time"":1761617705000,""openTime"":1761617743000,""duration"":35000,""updatedTime"":1761617743000,""firstVol"":289015.0,""highestVol"":543415.0,""firstVolDivLTGB"":0.0010846826654585706,""firstVolDivVol"":0.02306,""highestVolDivLTGB"":0.0020394541136279057,""highestVolDivVol"":0.043337},{""code"":""603301.SH"",""time"":1761617765000,""openTime"":1761618277000,""duration"":509000,""updatedTime"":1761618277000,""firstVol"":11500.0,""highestVol"":565300.0,""firstVolDivLTGB"":4.315987285356664E-5,""firstVolDivVol"":9.09E-4,""highestVolDivLTGB"":0.0021215892281844537,""highestVolDivVol"":0.044672},{""code"":""603301.SH"",""time"":1761618322000,""openTime"":1761618521000,""duration"":196000,""updatedTime"":1761618521000,""firstVol"":14000.0,""highestVol"":329500.0,""firstVolDivLTGB"":5.2542453908689816E-5,""firstVolDivVol"":0.001073,""highestVolDivLTGB"":0.0012366241830652352,""highestVolDivVol"":0.025242},{""code"":""603301.SH"",""time"":1761618523000,""openTime"":1761618713000,""duration"":186000,""updatedTime"":1761618713000,""firstVol"":4500.0,""highestVol"":18500.0,""firstVolDivLTGB"":1.6888645899221726E-5,""firstVolDivVol"":3.43E-4,""highestVolDivLTGB"":6.943109980791155E-5,""highestVolDivVol"":0.001409},{""code"":""603301.SH"",""time"":1761618742000,""openTime"":1761618748000,""duration"":3000,""updatedTime"":1761618748000,""firstVol"":1500.0,""highestVol"":2800.0,""firstVolDivLTGB"":5.629548633073909E-6,""firstVolDivVol"":1.14E-4,""highestVolDivLTGB"":1.0508490781737963E-5,""highestVolDivVol"":2.12E-4},{""code"":""603301.SH"",""time"":1761618751000,""openTime"":1761618754000,""duration"":0,""updatedTime"":1761618754000,""firstVol"":2100.0,""highestVol"":2100.0,""firstVolDivLTGB"":7.881368086303473E-6,""firstVolDivVol"":1.59E-4,""highestVolDivLTGB"":7.881368086303473E-6,""highestVolDivVol"":1.59E-4},{""code"":""603301.SH"",""time"":1761618757000,""openTime"":1761618769000,""duration"":9000,""updatedTime"":1761618769000,""firstVol"":4500.0,""highestVol"":4500.0,""firstVolDivLTGB"":1.6888645899221726E-5,""firstVolDivVol"":3.41E-4,""highestVolDivLTGB"":1.6888645899221726E-5,""highestVolDivVol"":3.41E-4},{""code"":""603301.SH"",""time"":1761620524000,""openTime"":null,""duration"":8899000,""updatedTime"":1761636700000,""firstVol"":5340.0,""highestVol"":1187223.0,""firstVolDivLTGB"":2.0041193133743116E-5,""firstVolDivVol"":3.55E-4,""highestVolDivLTGB"":0.004455686411202604,""highestVolDivVol"":0.07639}]",1,医用敷料+出口领先+家用医疗+协议转让,607104,49145068.8,3.7977353610808695,0.22784809955558016,14,21569225000.000,首板涨停,缩量涨停,17,603301
003033.SZ,征和工业,86.53,10.005085177,涨停, 13:03:09, 13:03:09,"[{""code"":""003033.SZ"",""time"":1761627789000,""openTime"":null,""duration"":7011000,""updatedTime"":1761637476000,""firstVol"":3085800.0,""highestVol"":3190900.0,""firstVolDivLTGB"":0.038217144095910094,""firstVolDivVol"":0.655217,""highestVolDivLTGB"":0.0395187909442088,""highestVolDivVol"":0.677475}]",2,机器人灵巧手+农机链龙头+半年报增长+定增扩产,660694,57169851.82,12.732607797429635,0.8182590511797014,0,6986766800.000,2天2板,放量涨停,33,003033
603838.SH,*ST四通,8.15,5.025773196,涨停, 09:33:13, 14:36:07,"[{""code"":""603838.SH"",""time"":1761615193000,""openTime"":1761615205000,""duration"":9000,""updatedTime"":1761615205000,""firstVol"":59900.0,""highestVol"":71100.0,""firstVolDivLTGB"":1.8717814109294535E-4,""firstVolDivVol"":0.058565,""highestVolDivLTGB"":2.2217639118044097E-4,""highestVolDivVol"":0.065259},{""code"":""603838.SH"",""time"":1761615223000,""openTime"":1761615241000,""duration"":15000,""updatedTime"":1761615241000,""firstVol"":34900.0,""highestVol"":122300.0,""firstVolDivLTGB"":1.0905704714764261E-4,""firstVolDivVol"":0.026948,""highestVolDivLTGB"":3.82168391580421E-4,""highestVolDivVol"":0.09249},{""code"":""603838.SH"",""time"":1761632032000,""openTime"":1761632236000,""duration"":201000,""updatedTime"":1761632236000,""firstVol"":294100.0,""highestVol"":535800.0,""firstVolDivLTGB"":9.190165491725414E-4,""firstVolDivVol"":0.059317,""highestVolDivLTGB"":0.0016742912854357283,""highestVolDivVol"":0.108053},{""code"":""603838.SH"",""time"":1761632515000,""openTime"":1761632659000,""duration"":141000,""updatedTime"":1761632659000,""firstVol"":11100.0,""highestVol"":93500.0,""firstVolDivLTGB"":3.4685765711714416E-5,""firstVolDivVol"":0.002045,""highestVolDivLTGB"":2.921728913554322E-4,""highestVolDivVol"":0.017211},{""code"":""603838.SH"",""time"":1761632677000,""openTime"":1761632680000,""duration"":0,""updatedTime"":1761632680000,""firstVol"":1300.0,""highestVol"":1300.0,""firstVolDivLTGB"":4.062296885155742E-6,""firstVolDivVol"":2.35E-4,""highestVolDivLTGB"":4.062296885155742E-6,""highestVolDivVol"":2.35E-4},{""code"":""603838.SH"",""time"":1761633166000,""openTime"":1761633211000,""duration"":33000,""updatedTime"":1761633211000,""firstVol"":21000.0,""highestVol"":21000.0,""firstVolDivLTGB"":6.562171891405429E-5,""firstVolDivVol"":0.003754,""highestVolDivLTGB"":6.562171891405429E-5,""highestVolDivVol"":0.003754},{""code"":""603838.SH"",""time"":1761633244000,""openTime"":1761633253000,""duration"":3000,""updatedTime"":1761633253000,""firstVol"":7300.0,""highestVol"":7300.0,""firstVolDivLTGB"":2.28113594320284E-5,""firstVolDivVol"":0.0013,""highestVolDivLTGB"":2.28113594320284E-5,""highestVolDivVol"":0.0013},{""code"":""603838.SH"",""time"":1761633256000,""openTime"":1761633280000,""duration"":21000,""updatedTime"":1761633280000,""firstVol"":16800.0,""highestVol"":16800.0,""firstVolDivLTGB"":5.249737513124344E-5,""firstVolDivVol"":0.002983,""highestVolDivLTGB"":5.249737513124344E-5,""highestVolDivVol"":0.002983},{""code"":""603838.SH"",""time"":1761633367000,""openTime"":null,""duration"":1437000,""updatedTime"":1761636697000,""firstVol"":10400.0,""highestVol"":172300.0,""firstVolDivLTGB"":3.2498375081245935E-5,""firstVolDivVol"":0.001838,""highestVolDivLTGB"":5.384105794710264E-4,""highestVolDivVol"":0.03032}]",2,锆钛矿+马可波罗上市+陶瓷出口+ST板块,111900,911985,1.9628824024698288,0.0349670016499175,8,2608130400.000,2天2板,放量涨停,22,603838
601208.SH,东材科技,20.28,9.978308026,涨停, 10:57:28, 13:44:40,"[{""code"":""601208.SH"",""time"":1761620248000,""openTime"":1761628861000,""duration"":3231000,""updatedTime"":1761628861000,""firstVol"":3.28296E7,""highestVol"":3.8603428E7,""firstVolDivLTGB"":0.03224538349457888,""firstVolDivVol"":0.447283,""highestVolDivLTGB"":0.03791646380295112,""highestVolDivVol"":0.513374},{""code"":""601208.SH"",""time"":1761628873000,""openTime"":1761628882000,""duration"":6000,""updatedTime"":1761628882000,""firstVol"":5505700.0,""highestVol"":5505700.0,""firstVolDivLTGB"":0.005407723758623405,""firstVolDivVol"":0.063021,""highestVolDivLTGB"":0.005407723758623405,""highestVolDivVol"":0.063021},{""code"":""601208.SH"",""time"":1761629161000,""openTime"":1761630274000,""duration"":1110000,""updatedTime"":1761630274000,""firstVol"":1.36548E7,""highestVol"":1.67326E7,""firstVolDivLTGB"":0.013411807105227469,""firstVolDivVol"":0.139374,""highestVolDivLTGB"":0.01643483636295875,""highestVolDivVol"":0.170428},{""code"":""601208.SH"",""time"":1761630280000,""openTime"":null,""duration"":4521000,""updatedTime"":1761636700000,""firstVol"":1.12258E7,""highestVol"":1.24894E7,""firstVolDivLTGB"":0.011026032179296841,""firstVolDivVol"":0.107185,""highestVolDivLTGB"":0.012267145887162606,""highestVolDivVol"":0.118967}]",1,高速树脂+PCB+光刻胶+三季报增长,3135150,63580842,2.9063670895288714,0.3079358690420504,3,20647430000.000,首板涨停,放量涨停,17,601208
002217.SZ,合力泰,3.36,10.163934426,涨停, 09:50:06, 10:00:33,"[{""code"":""002217.SZ"",""time"":1761616206000,""openTime"":1761616347000,""duration"":138000,""updatedTime"":1761616347000,""firstVol"":2.506851E8,""highestVol"":2.767945E8,""firstVolDivLTGB"":0.04413207926648666,""firstVolDivVol"":1.668368,""highestVolDivLTGB"":0.04872853159014054,""highestVolDivVol"":1.78496},{""code"":""002217.SZ"",""time"":1761616365000,""openTime"":1761616383000,""duration"":15000,""updatedTime"":1761616383000,""firstVol"":5.04887E7,""highestVol"":6.62406E7,""firstVolDivLTGB"":0.008888327668704142,""firstVolDivVol"":0.242572,""highestVolDivLTGB"":0.011661384780585825,""highestVolDivVol"":0.314004},{""code"":""002217.SZ"",""time"":1761616833000,""openTime"":null,""duration"":12570000,""updatedTime"":1761637497000,""firstVol"":1.09223282E8,""highestVol"":1.7044788E8,""firstVolDivLTGB"":0.019228308898174742,""firstVolDivVol"":0.347148,""highestVolDivLTGB"":0.03000664718790469,""highestVolDivVol"":0.536841}]",1,扭亏+电子纸+算力+福建国资,47929100,161041776,13.098627823964692,0.8437720631865897,2,19085934000.000,首板涨停,放量涨停,33,002217
300128.SZ,锦富技术,8.68,20.055325035,涨停, 14:19:45, 14:50:30,"[{""code"":""300128.SZ"",""time"":1761632385000,""openTime"":1761634185000,""duration"":1797000,""updatedTime"":1761634185000,""firstVol"":9.9484765E7,""highestVol"":1.10005065E8,""firstVolDivLTGB"":0.07666136928431186,""firstVolDivVol"":0.326158,""highestVolDivLTGB"":0.08476814425917104,""highestVolDivVol"":0.359194},{""code"":""300128.SZ"",""time"":1761634188000,""openTime"":1761634209000,""duration"":18000,""updatedTime"":1761634209000,""firstVol"":1818000.0,""highestVol"":8599800.0,""firstVolDivLTGB"":0.001400921732678154,""firstVolDivVol"":0.005249,""highestVolDivLTGB"":0.006626868381015175,""highestVolDivVol"":0.024822},{""code"":""300128.SZ"",""time"":1761634230000,""openTime"":null,""duration"":570000,""updatedTime"":1761637485000,""firstVol"":2587100.0,""highestVol"":1.054521E7,""firstVolDivLTGB"":0.0019935778958259914,""firstVolDivVol"":0.007393,""highestVolDivLTGB"":0.008125970222582506,""highestVolDivVol"":0.030119}]",1,英伟达液冷+人形机器人+消费电子+国企,1606960,13948412.8,0.44750623934465855,0.12382976829177592,2,11264183900.000,3天2板,放量涨停,33,300128
002512.SZ,达华智能,5.4,9.979633401,涨停, 09:33:30, 09:34:42,"[{""code"":""002512.SZ"",""time"":1761615210000,""openTime"":1761615255000,""duration"":42000,""updatedTime"":1761615255000,""firstVol"":1.3403929E7,""highestVol"":2.99362E7,""firstVolDivLTGB"":0.012247162662118997,""firstVolDivVol"":0.09531,""highestVolDivLTGB"":0.027352689714017935,""highestVolDivVol"":0.208811},{""code"":""002512.SZ"",""time"":1761615282000,""openTime"":null,""duration"":14127000,""updatedTime"":1761637491000,""firstVol"":7917559.0,""highestVol"":5.3080259E7,""firstVolDivLTGB"":0.007234269366834472,""firstVolDivVol"":0.046156,""highestVolDivLTGB"":0.04849940387780373,""highestVolDivVol"":0.299243}]",4,量子科技+卫星通信+数字乡村,23561456,127231862.4,11.614107942518844,2.152808957644879,1,5910039600.000,4天4板,放量涨停,33,002512
600516.SH,方大炭素,5.68,10.07751938,涨停, 10:05:30, 10:05:30,"[{""code"":""600516.SH"",""time"":1761617130000,""openTime"":null,""duration"":12285000,""updatedTime"":1761636678000,""firstVol"":9.9030188E7,""highestVol"":1.309932E8,""firstVolDivLTGB"":0.02459784323976425,""firstVolDivVol"":1.18245,""highestVolDivLTGB"":0.03253705020811519,""highestVolDivVol"":1.467517}]",1,固态电池+核电+石墨电极+新材料,13157543,74734844.24,8.582086658461154,0.32681668758869514,0,22867512000.000,首板涨停,放量涨停,17,600516
603122.SH,合富中国,7.35,10.02994012,涨停, 10:45:00, 10:45:00,"[{""code"":""603122.SH"",""time"":1761619500000,""openTime"":null,""duration"":9903000,""updatedTime"":1761636687000,""firstVol"":4.1586991E7,""highestVol"":4.5967991E7,""firstVolDivLTGB"":0.1044761108262786,""firstVolDivVol"":1.612067,""highestVolDivLTGB"":0.11548219302948311,""highestVolDivVol"":1.769251}]",1,智能医疗+体外诊断+AI系统+两岸医疗,3449091,25350818.85,9.393919181579994,0.8664911908772628,0,2925686900.000,首板涨停,放量涨停,17,603122
603088.SH,宁波精达,11.39,10.048309179,涨停, 10:46:03, 10:46:03,"[{""code"":""603088.SH"",""time"":1761619563000,""openTime"":null,""duration"":9861000,""updatedTime"":1761636699000,""firstVol"":3.52636E7,""highestVol"":3.52636E7,""firstVolDivLTGB"":0.08053406677168369,""firstVolDivVol"":1.818759,""highestVolDivLTGB"":0.08053406677168369,""highestVolDivVol"":1.818759}]",1,芯片+机器人+国资+换热器,7640365,87023757.35,28.963745643135784,1.7448861292381805,0,4987360300.000,首板涨停,放量涨停,17,603088
000547.SZ,航天发展,8.84,9.950248756,涨停, 10:14:30, 10:42:03,"[{""code"":""000547.SZ"",""time"":1761617670000,""openTime"":1761619245000,""duration"":1572000,""updatedTime"":1761619245000,""firstVol"":1.0693484E8,""highestVol"":1.3107924E8,""firstVolDivLTGB"":0.06732445187910818,""firstVolDivVol"":1.331597,""highestVolDivLTGB"":0.08252537700276237,""highestVolDivVol"":1.557839},{""code"":""000547.SZ"",""time"":1761619323000,""openTime"":null,""duration"":10113000,""updatedTime"":1761637464000,""firstVol"":6.8983507E7,""highestVol"":7.9082507E7,""firstVolDivLTGB"":0.04343090425415723,""firstVolDivVol"":0.513189,""highestVolDivLTGB"":0.049789071896500114,""highestVolDivVol"":0.587185}]",1,亏损收窄+商业航天+海峡两岸+央企,9460522,83631014.48,5.875516718835396,0.5956192183391721,1,14041020000.000,首板涨停,放量涨停,33,000547
002213.SZ,大为股份,28.14,10.007818608,涨停, 09:30:27, 13:44:00,"[{""code"":""002213.SZ"",""time"":1761615027000,""openTime"":1761615033000,""duration"":3000,""updatedTime"":1761615033000,""firstVol"":863500.0,""highestVol"":1774300.0,""firstVolDivLTGB"":0.004177686534502049,""firstVolDivVol"":0.04434,""highestVolDivLTGB"":0.00858421449700867,""highestVolDivVol"":0.087496},{""code"":""002213.SZ"",""time"":1761615102000,""openTime"":1761615180000,""duration"":75000,""updatedTime"":1761615180000,""firstVol"":313456.0,""highestVol"":7422700.0,""firstVolDivLTGB"":0.0015165268214926166,""firstVolDivVol"":0.008564,""highestVolDivLTGB"":0.035911654707178185,""highestVolDivVol"":0.197218},{""code"":""002213.SZ"",""time"":1761615198000,""openTime"":1761615369000,""duration"":168000,""updatedTime"":1761615369000,""firstVol"":1.01905E7,""highestVol"":1.25073E7,""firstVolDivLTGB"":0.04930250680931458,""firstVolDivVol"":0.225036,""highestVolDivLTGB"":0.06051138250489575,""highestVolDivVol"":0.272629},{""code"":""002213.SZ"",""time"":1761615372000,""openTime"":1761616251000,""duration"":876000,""updatedTime"":1761616251000,""firstVol"":7000.0,""highestVol"":5795400.0,""firstVolDivLTGB"":3.3866596110613024E-5,""firstVolDivVol"":1.37E-4,""highestVolDivLTGB"":0.02803863872849239,""highestVolDivVol"":0.110558},{""code"":""002213.SZ"",""time"":1761616314000,""openTime"":1761616332000,""duration"":15000,""updatedTime"":1761616332000,""firstVol"":1300.0,""highestVol"":1296600.0,""firstVolDivLTGB"":6.2895107062567045E-6,""firstVolDivVol"":2.1E-5,""highestVolDivLTGB"":0.006273061216717264,""highestVolDivVol"":0.021279},{""code"":""002213.SZ"",""time"":1761616386000,""openTime"":1761616449000,""duration"":60000,""updatedTime"":1761616449000,""firstVol"":2175800.0,""highestVol"":4511000.0,""firstVolDivLTGB"":0.01052670568821026,""firstVolDivVol"":0.034223,""highestVolDivLTGB"":0.021824602150710765,""highestVolDivVol"":0.070466},{""code"":""002213.SZ"",""time"":1761616458000,""openTime"":1761629181000,""duration"":7329000,""updatedTime"":1761629181000,""firstVol"":8760200.0,""highestVol"":1.14354E7,""firstVolDivLTGB"":0.0423825936068846,""firstVolDivVol"":0.134624,""highestVolDivLTGB"":0.05532543902332917,""highestVolDivVol"":0.175554},{""code"":""002213.SZ"",""time"":1761629193000,""openTime"":1761629208000,""duration"":12000,""updatedTime"":1761629208000,""firstVol"":403200.0,""highestVol"":403200.0,""firstVolDivLTGB"":0.0019507159359713102,""firstVolDivVol"":0.005501,""highestVolDivLTGB"":0.0019507159359713102,""highestVolDivVol"":0.005501},{""code"":""002213.SZ"",""time"":1761629337000,""openTime"":1761629700000,""duration"":360000,""updatedTime"":1761629700000,""firstVol"":59130.0,""highestVol"":5639300.0,""firstVolDivLTGB"":2.860759754315069E-4,""firstVolDivVol"":7.79E-4,""highestVolDivLTGB"":0.02728341363522572,""highestVolDivVol"":0.074158},{""code"":""002213.SZ"",""time"":1761629706000,""openTime"":1761630021000,""duration"":312000,""updatedTime"":1761630021000,""firstVol"":1024100.0,""highestVol"":2740700.0,""firstVolDivLTGB"":0.004954683010982686,""firstVolDivVol"":0.013093,""highestVolDivLTGB"":0.01325973999433673,""highestVolDivVol"":0.034996},{""code"":""002213.SZ"",""time"":1761630060000,""openTime"":1761630084000,""duration"":21000,""updatedTime"":1761630084000,""firstVol"":25300.0,""highestVol"":184200.0,""firstVolDivLTGB"":1.224035545140728E-4,""firstVolDivVol"":3.15E-4,""highestVolDivLTGB"":8.911752862249885E-4,""highestVolDivVol"":0.002293},{""code"":""002213.SZ"",""time"":1761630132000,""openTime"":1761630171000,""duration"":36000,""updatedTime"":1761630171000,""firstVol"":75300.0,""highestVol"":177900.0,""firstVolDivLTGB"":3.64307812447023E-4,""firstVolDivVol"":9.27E-4,""highestVolDivLTGB"":8.606953497254367E-4,""highestVolDivVol"":0.002188},{""code"":""002213.SZ"",""time"":1761630240000,""openTime"":null,""duration"":4560000,""updatedTime"":1761637491000,""firstVol"":4843800.0,""highestVol"":5513400.0,""firstVolDivLTGB"":0.02343471689151248,""firstVolDivVol"":0.058713,""highestVolDivLTGB"":0.02667429871375055,""highestVolDivVol"":0.066749}]",3,半导体存储+AI应用+锂矿资源+出口增长,2212100,62248494,2.5796304191101203,1.0702328179469582,12,5816350700.000,3天3板,放量涨停,33,002213
002407.SZ,多氟多,23.95,10.013780432,涨停, 10:00:24, 13:40:48,"[{""code"":""002407.SZ"",""time"":1761616824000,""openTime"":1761616977000,""duration"":150000,""updatedTime"":1761616977000,""firstVol"":5.394013E7,""highestVol"":6.665588E7,""firstVolDivLTGB"":0.049919104869575105,""firstVolDivVol"":0.395551,""highestVolDivLTGB"":0.06168694558010546,""highestVolDivVol"":0.482591},{""code"":""002407.SZ"",""time"":1761617100000,""openTime"":1761617142000,""duration"":39000,""updatedTime"":1761617142000,""firstVol"":5.545812E7,""highestVol"":5.545812E7,""firstVolDivLTGB"":0.05132393466885379,""firstVolDivVol"":0.349238,""highestVolDivLTGB"":0.05132393466885379,""highestVolDivVol"":0.349238},{""code"":""002407.SZ"",""time"":1761617163000,""openTime"":1761629688000,""duration"":7179000,""updatedTime"":1761629688000,""firstVol"":2.816E7,""highestVol"":4.4130742E7,""firstVolDivLTGB"":0.02606078244763657,""firstVolDivVol"":0.168609,""highestVolDivLTGB"":0.04084096827112138,""highestVolDivVol"":0.260753},{""code"":""002407.SZ"",""time"":1761629709000,""openTime"":1761629748000,""duration"":36000,""updatedTime"":1761629748000,""firstVol"":1.485852E7,""highestVol"":2.187788E7,""firstVolDivLTGB"":0.013750875611287534,""firstVolDivVol"":0.078142,""highestVolDivLTGB"":0.02024696985424358,""highestVolDivVol"":0.114923},{""code"":""002407.SZ"",""time"":1761629772000,""openTime"":1761629787000,""duration"":12000,""updatedTime"":1761629787000,""firstVol"":254420.0,""highestVol"":1.225254E7,""firstVolDivLTGB"":2.354539868724324E-4,""firstVolDivVol"":0.001305,""highestVolDivLTGB"":0.011339161199253019,""highestVolDivVol"":0.062838},{""code"":""002407.SZ"",""time"":1761630048000,""openTime"":null,""duration"":4752000,""updatedTime"":1761637443000,""firstVol"":1.2422035E7,""highestVol"":1.8262335E7,""firstVolDivLTGB"":0.011496021011787186,""firstVolDivVol"":0.058768,""highestVolDivLTGB"":0.016900949553297552,""highestVolDivVol"":0.086141}]",1,六氟磷酸锂涨价+储能电池+半导体化学品,8115989,194377936.55,3.6601821164053137,0.7510973852145294,5,25879192000.000,首板涨停,放量涨停,33,002407
002181.SZ,粤传媒,10.01,10,涨停, 13:32:00, 13:56:48,"[{""code"":""002181.SZ"",""time"":1761629520000,""openTime"":1761629544000,""duration"":21000,""updatedTime"":1761629544000,""firstVol"":3.7072E7,""highestVol"":3.91775E7,""firstVolDivLTGB"":0.03267636893627016,""firstVolDivVol"":0.497904,""highestVolDivLTGB"":0.034532219572742884,""highestVolDivVol"":0.524483},{""code"":""002181.SZ"",""time"":1761629556000,""openTime"":1761629595000,""duration"":36000,""updatedTime"":1761629595000,""firstVol"":2.96256E7,""highestVol"":2.96256E7,""firstVolDivLTGB"":0.026112889392489354,""firstVolDivVol"":0.378892,""highestVolDivLTGB"":0.026112889392489354,""highestVolDivVol"":0.378892},{""code"":""002181.SZ"",""time"":1761629655000,""openTime"":1761629688000,""duration"":30000,""updatedTime"":1761629688000,""firstVol"":2.553374E7,""highestVol"":2.733914E7,""firstVolDivLTGB"":0.022506201676812658,""firstVolDivVol"":0.301382,""highestVolDivLTGB"":0.02409753520285771,""highestVolDivVol"":0.322332},{""code"":""002181.SZ"",""time"":1761629718000,""openTime"":1761629727000,""duration"":6000,""updatedTime"":1761629727000,""firstVol"":135400.0,""highestVol"":317300.0,""firstVolDivLTGB"":1.1934560730392155E-4,""firstVolDivVol"":0.001533,""highestVolDivLTGB"":2.796777045608147E-4,""highestVolDivVol"":0.003589},{""code"":""002181.SZ"",""time"":1761629742000,""openTime"":1761629751000,""duration"":6000,""updatedTime"":1761629751000,""firstVol"":77100.0,""highestVol"":77100.0,""firstVolDivLTGB"":6.795824463170126E-5,""firstVolDivVol"":8.6E-4,""highestVolDivLTGB"":6.795824463170126E-5,""highestVolDivVol"":8.6E-4},{""code"":""002181.SZ"",""time"":1761629763000,""openTime"":1761629859000,""duration"":93000,""updatedTime"":1761629859000,""firstVol"":1.07461E7,""highestVol"":2.1791E7,""firstVolDivLTGB"":0.00947193375663716,""firstVolDivVol"":0.118776,""highestVolDivLTGB"":0.01920723876484309,""highestVolDivVol"":0.240398},{""code"":""002181.SZ"",""time"":1761629874000,""openTime"":1761630207000,""duration"":330000,""updatedTime"":1761630207000,""firstVol"":1.3522148E7,""highestVol"":2.1029148E7,""firstVolDivLTGB"":0.01191882544396978,""firstVolDivVol"":0.145939,""highestVolDivLTGB"":0.018535719639173172,""highestVolDivVol"":0.226473},{""code"":""002181.SZ"",""time"":1761630261000,""openTime"":1761630741000,""duration"":477000,""updatedTime"":1761630741000,""firstVol"":1.24945E7,""highestVol"":1.67904E7,""firstVolDivLTGB"":0.01101302577886889,""firstVolDivVol"":0.127745,""highestVolDivLTGB"":0.014799560449599443,""highestVolDivVol"":0.171253},{""code"":""002181.SZ"",""time"":1761630768000,""openTime"":1761630786000,""duration"":15000,""updatedTime"":1761630786000,""firstVol"":231400.0,""highestVol"":790300.0,""firstVolDivLTGB"":2.0396287688424997E-4,""firstVolDivVol"":0.00224,""highestVolDivLTGB"":6.965940432222246E-4,""highestVolDivVol"":0.007651},{""code"":""002181.SZ"",""time"":1761630825000,""openTime"":1761630864000,""duration"":36000,""updatedTime"":1761630864000,""firstVol"":5986900.0,""highestVol"":5986900.0,""firstVolDivLTGB"":0.005277032617192378,""firstVolDivVol"":0.057473,""highestVolDivLTGB"":0.005277032617192378,""highestVolDivVol"":0.057473},{""code"":""002181.SZ"",""time"":1761630879000,""openTime"":1761630918000,""duration"":36000,""updatedTime"":1761630918000,""firstVol"":213400.0,""highestVol"":263800.0,""firstVolDivLTGB"":1.880971388379384E-4,""firstVolDivVol"":0.002033,""highestVolDivLTGB"":2.3252120536761082E-4,""highestVolDivVol"":0.002511},{""code"":""002181.SZ"",""time"":1761630933000,""openTime"":1761630951000,""duration"":15000,""updatedTime"":1761630951000,""firstVol"":4300.0,""highestVol"":91100.0,""firstVolDivLTGB"":3.7901485332855442E-6,""firstVolDivVol"":4.1E-5,""highestVolDivLTGB"":8.029826311216583E-5,""highestVolDivVol"":8.62E-4},{""code"":""002181.SZ"",""time"":1761631008000,""openTime"":null,""duration"":3792000,""updatedTime"":1761637467000,""firstVol"":17900.0,""highestVol"":8605600.0,""firstVolDivLTGB"":1.5777595057165406E-5,""firstVolDivVol"":1.68E-4,""highestVolDivLTGB"":0.007585233073963274,""highestVolDivVol"":0.080666}]",1,全运会活动+文化传媒+广州国资,2497940,25004379.4,2.247704092384621,0.2201758983077975,12,11356547000.000,首板涨停,放量涨停,33,002181
600078.SH,澄星股份,9.63,10.057142857,涨停, 10:03:37, 10:03:37,"[{""code"":""600078.SH"",""time"":1761617017000,""openTime"":null,""duration"":12408000,""updatedTime"":1761636700000,""firstVol"":3.539288E7,""highestVol"":3.539288E7,""firstVolDivLTGB"":0.05341734031572416,""firstVolDivVol"":0.86116,""highestVolDivLTGB"":0.05341734031572416,""highestVolDivVol"":0.86116}]",1,三季报扭亏+磷化工+临港项目+新材料,3099400,29847222,6.00818597407846,0.46778251607259835,0,6380576700.000,首板涨停,缩量涨停,17,600078
600735.SH,ST新华锦,6.32,4.983388704,涨停, 09:31:23, 09:31:23,"[{""code"":""600735.SH"",""time"":1761615083000,""openTime"":null,""duration"":14323000,""updatedTime"":1761636677000,""firstVol"":2380700.0,""highestVol"":7083800.0,""firstVolDivLTGB"":0.005595698147043096,""firstVolDivVol"":0.344724,""highestVolDivLTGB"":0.016650063651037043,""highestVolDivVol"":0.904503}]",2,机器人+发制品出口+石墨新材料+ST板块,3556689,22478274.48,38.31354596535579,0.8359792517708473,0,2688855500.000,10天6板,缩量涨停,22,600735
002047.SZ,*ST宝鹰,2.66,5.138339921,涨停, 09:25:00, 09:25:00,"[{""code"":""002047.SZ"",""time"":1761614700000,""openTime"":null,""duration"":14508000,""updatedTime"":1761637446000,""firstVol"":8.6079E7,""highestVol"":8.6079E7,""firstVolDivLTGB"":0.056773912426088056,""firstVolDivVol"":1855.150862,""highestVolDivLTGB"":0.056773912426088056,""highestVolDivVol"":1855.150862}]",2,控制权拟变更+光耦合器+珠海国资+建筑装饰,23998100,63834946,3115.4225626379334,1.5828088474453743,0,4033016800.000,2天2板,一字涨停||缩量涨停,33,002047
002005.SZ,ST德豪,2.55,4.938271605,涨停, 09:32:18, 10:42:12,"[{""code"":""002005.SZ"",""time"":1761615138000,""openTime"":1761615573000,""duration"":432000,""updatedTime"":1761615573000,""firstVol"":6694100.0,""highestVol"":8775400.0,""firstVolDivLTGB"":0.003820848254705342,""firstVolDivVol"":1.096333,""highestVolDivLTGB"":0.005008809514996976,""highestVolDivVol"":1.164881},{""code"":""002005.SZ"",""time"":1761615894000,""openTime"":1761615957000,""duration"":60000,""updatedTime"":1761615957000,""firstVol"":234900.0,""highestVol"":4941000.0,""firstVolDivLTGB"":1.3407586606568243E-4,""firstVolDivVol"":0.012713,""highestVolDivLTGB"":0.0028202164931057337,""highestVolDivVol"":0.266967},{""code"":""002005.SZ"",""time"":1761619332000,""openTime"":null,""duration"":10086000,""updatedTime"":1761637482000,""firstVol"":964800.0,""highestVol"":4340800.0,""firstVolDivLTGB"":5.506870820782052E-4,""firstVolDivVol"":0.031281,""highestVolDivLTGB"":0.002477635246564131,""highestVolDivVol"":0.139758}]",1,三季报扭亏+LED封装+小家电+ST板块,2117600,5399880,6.527763649086464,0.12086805192877358,2,4467582600.000,首板涨停,放量涨停,33,002005
603556.SH,海兴电力,31.92,9.993108201,涨停, 09:30:02, 09:31:41,"[{""code"":""603556.SH"",""time"":1761615002000,""openTime"":1761615095000,""duration"":90000,""updatedTime"":1761615095000,""firstVol"":1142300.0,""highestVol"":3928000.0,""firstVolDivLTGB"":0.0023491346277888414,""firstVolDivVol"":0.724971,""highestVolDivLTGB"":0.008077913698638335,""highestVolDivVol"":1.889143},{""code"":""603556.SH"",""time"":1761615101000,""openTime"":null,""duration"":14307000,""updatedTime"":1761636683000,""firstVol"":786900.0,""highestVol"":6713000.0,""firstVolDivLTGB"":0.001618256183670699,""firstVolDivVol"":0.130581,""highestVolDivLTGB"":0.013805253222749272,""highestVolDivVol"":0.932953}]",1,三季报增长+储能+智能电表+海外布局,2560841,81742044.72,27.275804475831617,0.5266357585013923,1,15521552000.000,首板涨停,放量涨停,17,603556
603688.SH,石英股份,42.44,10.005184033,涨停, 09:58:49, 09:58:49,"[{""code"":""603688.SH"",""time"":1761616729000,""openTime"":null,""duration"":12699000,""updatedTime"":1761636694000,""firstVol"":1.492495E7,""highestVol"":2.253795E7,""firstVolDivLTGB"":0.027553162648540266,""firstVolDivVol"":0.652046,""highestVolDivLTGB"":0.04160763031800228,""highestVolDivVol"":0.969632}]",1,半导体认证+高纯石英砂+芯片概念,4722900,200439876,17.04397452970734,0.8719012919493252,0,22988827000.000,首板涨停,放量涨停,17,603688
600506.SH,统一股份,24.64,10,涨停, 13:00:49, 13:04:34,"[{""code"":""600506.SH"",""time"":1761627649000,""openTime"":1761627853000,""duration"":201000,""updatedTime"":1761627853000,""firstVol"":9099200.0,""highestVol"":1.11535E7,""firstVolDivLTGB"":0.06160309141471027,""firstVolDivVol"":0.298457,""highestVolDivLTGB"":0.07551104273935852,""highestVolDivVol"":0.364572},{""code"":""600506.SH"",""time"":1761627874000,""openTime"":null,""duration"":6930000,""updatedTime"":1761636679000,""firstVol"":1.00565E7,""highestVol"":1.15444E7,""firstVolDivLTGB"":0.06808417100536683,""firstVolDivVol"":0.295201,""highestVolDivLTGB"":0.0781575004976241,""highestVolDivVol"":0.336829}]",1,名称+液冷+润滑油+央企,2759100,67984224,7.524535943315436,1.8679564085010454,1,3639497400.000,首板涨停,放量涨停,17,600506
002790.SZ,瑞尔特,9.04,9.9756691,涨停, 10:20:30, 10:21:06,"[{""code"":""002790.SZ"",""time"":1761618030000,""openTime"":1761618051000,""duration"":18000,""updatedTime"":1761618051000,""firstVol"":5.11204E7,""highestVol"":5.11204E7,""firstVolDivLTGB"":0.1960908716040622,""firstVolDivVol"":10.424682,""highestVolDivLTGB"":0.1960908716040622,""highestVolDivVol"":10.424682},{""code"":""002790.SZ"",""time"":1761618066000,""openTime"":null,""duration"":11358000,""updatedTime"":1761637476000,""firstVol"":4.13126E7,""highestVol"":4.6356E7,""firstVolDivLTGB"":0.15846949050144324,""firstVolDivVol"":4.717974,""highestVolDivLTGB"":0.17781528399773683,""highestVolDivVol"":4.386894}]",1,福建自贸区+智能卫浴+装配式项目,20307868,183583126.72,138.519456933081,7.7898207692824055,1,2356705400.000,首板涨停,放量涨停,33,002790
300358.SZ,楚天科技,11.32,20.042417815,涨停, 09:39:06, 13:44:57,"[{""code"":""300358.SZ"",""time"":1761615546000,""openTime"":1761630216000,""duration"":9276000,""updatedTime"":1761630216000,""firstVol"":9.106606E7,""highestVol"":9.421086E7,""firstVolDivLTGB"":0.15802756271251653,""firstVolDivVol"":1.963706,""highestVolDivLTGB"":0.16348475586678632,""highestVolDivVol"":2.01084},{""code"":""300358.SZ"",""time"":1761630297000,""openTime"":null,""duration"":4503000,""updatedTime"":1761637500000,""firstVol"":2.9039E7,""highestVol"":3.06928E7,""firstVolDivLTGB"":0.05039157720899276,""firstVolDivVol"":0.372484,""highestVolDivLTGB"":0.0532614277681798,""highestVolDivVol"":0.393061}]",1,医药装备+扭亏为盈+出海提速+机器人,7431341,84122780.12,8.817057431493918,1.2895657349352714,1,6523341800.000,首板涨停,放量涨停,33,300358
000620.SZ,盈新发展,3.19,10,涨停, 09:25:00, 09:25:00,"[{""code"":""000620.SZ"",""time"":1761614700000,""openTime"":null,""duration"":14484000,""updatedTime"":1761637458000,""firstVol"":3.852451E8,""highestVol"":3.852451E8,""firstVolDivLTGB"":0.08246271690872148,""firstVolDivVol"":17.490232,""highestVolDivLTGB"":0.08246271690872148,""highestVolDivVol"":17.490232}]",7,拟收购半导体+文旅+地产+具身智能,140211830,447275737.7,262.98034220871494,3.0012707350577026,0,14902879000.000,7天7板,一字涨停||缩量涨停,33,000620
002058.SZ,*ST威尔,26.9,4.996096799,涨停, 09:35:42, 09:35:42,"[{""code"":""002058.SZ"",""time"":1761615342000,""openTime"":null,""duration"":14103000,""updatedTime"":1761637455000,""firstVol"":255100.0,""highestVol"":791700.0,""firstVolDivLTGB"":0.0017824479824767546,""firstVolDivVol"":0.190572,""highestVolDivLTGB"":0.005531807399948439,""highestVolDivVol"":0.543451}]",2,铝塑膜+固态电池+汽车检具+扭亏,543600,14622840,35.5503237198352,0.3798270181396957,0,3849868300.000,2天2板,缩量涨停,33,002058
605208.SH,永茂泰,15.69,10.028050491,涨停, 09:34:27, 09:34:27,"[{""code"":""605208.SH"",""time"":1761615267000,""openTime"":null,""duration"":14136000,""updatedTime"":1761636687000,""firstVol"":3.1868218E7,""highestVol"":3.1907918E7,""firstVolDivLTGB"":0.09658791901557859,""firstVolDivVol"":2.900499,""highestVolDivLTGB"":0.09670824392313754,""highestVolDivVol"":2.901102}]",1,人形机器人+三季报大增+铝合金+汽车零部件,8203150,128707423.5,40.094341928149206,2.4862550766806084,0,5176758600.000,首板涨停,放量涨停,17,605208
002593.SZ,日上集团,5.91,10.055865922,涨停, 09:33:42, 13:51:45,"[{""code"":""002593.SZ"",""time"":1761615222000,""openTime"":1761630087000,""duration"":9495000,""updatedTime"":1761630087000,""firstVol"":1.04108E8,""highestVol"":1.04108E8,""firstVolDivLTGB"":0.18628999607725963,""firstVolDivVol"":3.794511,""highestVolDivLTGB"":0.18628999607725963,""highestVolDivVol"":3.794511},{""code"":""002593.SZ"",""time"":1761630705000,""openTime"":null,""duration"":4095000,""updatedTime"":1761637467000,""firstVol"":2.95534E7,""highestVol"":3.68202E7,""firstVolDivLTGB"":0.05288261007866528,""firstVolDivVol"":0.318869,""highestVolDivLTGB"":0.06588576203138966,""highestVolDivVol"":0.387586}]",1,三季报大增+钢结构+机器人+海峡两岸,8759500,51768645,8.209216745692542,1.5674177014626693,1,3302798300.000,首板涨停,放量涨停,33,002593
300163.SZ,先锋新材,4.99,19.951923077,涨停, 14:07:30, 14:19:45,"[{""code"":""300163.SZ"",""time"":1761631650000,""openTime"":1761632214000,""duration"":561000,""updatedTime"":1761632214000,""firstVol"":3.66292E7,""highestVol"":3.66292E7,""firstVolDivLTGB"":0.08071840161945232,""firstVolDivVol"":0.211706,""highestVolDivLTGB"":0.08071840161945232,""highestVolDivVol"":0.211706},{""code"":""300163.SZ"",""time"":1761632385000,""openTime"":null,""duration"":2415000,""updatedTime"":1761637515000,""firstVol"":1.68318E7,""highestVol"":1.81617E7,""firstVolDivLTGB"":0.03709160976429454,""firstVolDivVol"":0.087406,""highestVolDivLTGB"":0.040022260783528094,""highestVolDivVol"":0.094251}]",1,三季报扭亏+遮阳材料+专精特新,1827900,9121221,0.8889063956618216,0.40280750417753297,1,2264411900.000,首板涨停,放量涨停,33,300163
603843.SH,*ST正平,6.79,4.945904173,涨停, 09:25:02, 09:25:02,"[{""code"":""603843.SH"",""time"":1761614702000,""openTime"":null,""duration"":14416000,""updatedTime"":1761636683000,""firstVol"":4143460.0,""highestVol"":5299420.0,""firstVolDivLTGB"":0.005922416210426698,""firstVolDivVol"":4.095785,""highestVolDivLTGB"":0.007574676940011357,""highestVolDivVol"":3.792669}]",5,智算服务+基建+ST板块+地下管网,4496620,30532049.8,245.49157058001398,0.642720218854023,0,4750441800.000,34天21板,一字涨停||缩量涨停,22,603843
600815.SH,厦工股份,3.44,9.904153355,涨停, 09:41:10, 09:41:10,"[{""code"":""600815.SH"",""time"":1761615670000,""openTime"":null,""duration"":13746000,""updatedTime"":1761636697000,""firstVol"":7.3820899E7,""highestVol"":7.3820899E7,""firstVolDivLTGB"":0.04161046654065459,""firstVolDivVol"":1.1172,""highestVolDivLTGB"":0.04161046654065459,""highestVolDivVol"":1.1172}]",1,工程机械+盾构机+智能化装备+国企改革,12957900,44575176,13.63365769722609,0.730395147839026,0,6102885000.000,首板涨停,放量涨停,17,600815
603232.SH,格尔软件,22.21,10.004952947,涨停, 10:37:16, 14:52:25,"[{""code"":""603232.SH"",""time"":1761619036000,""openTime"":1761629839000,""duration"":5415000,""updatedTime"":1761629839000,""firstVol"":1.6263765E7,""highestVol"":2.0741745E7,""firstVolDivLTGB"":0.0703145929596756,""firstVolDivVol"":0.285005,""highestVolDivLTGB"":0.08967464525885528,""highestVolDivVol"":0.361644},{""code"":""603232.SH"",""time"":1761629842000,""openTime"":1761629848000,""duration"":3000,""updatedTime"":1761629848000,""firstVol"":59579.0,""highestVol"":59579.0,""firstVolDivLTGB"":2.575832308167581E-4,""firstVolDivVol"":9.07E-4,""highestVolDivLTGB"":2.575832308167581E-4,""highestVolDivVol"":9.07E-4},{""code"":""603232.SH"",""time"":1761630508000,""openTime"":1761630562000,""duration"":51000,""updatedTime"":1761630562000,""firstVol"":1247753.0,""highestVol"":3890353.0,""firstVolDivLTGB"":0.005394522382069226,""firstVolDivVol"":0.017426,""highestVolDivLTGB"":0.016819511820568782,""highestVolDivVol"":0.054218},{""code"":""603232.SH"",""time"":1761630640000,""openTime"":1761630655000,""duration"":12000,""updatedTime"":1761630655000,""firstVol"":620260.0,""highestVol"":775460.0,""firstVolDivLTGB"":0.002681625652434623,""firstVolDivVol"":0.008504,""highestVolDivLTGB"":0.003352615723143444,""highestVolDivVol"":0.010629},{""code"":""603232.SH"",""time"":1761630736000,""openTime"":1761630751000,""duration"":12000,""updatedTime"":1761630751000,""firstVol"":3720.0,""highestVol"":23600.0,""firstVolDivLTGB"":1.60830094267836E-5,""firstVolDivVol"":5.1E-5,""highestVolDivLTGB"":1.0203199528819705E-4,""highestVolDivVol"":3.21E-4},{""code"":""603232.SH"",""time"":1761630784000,""openTime"":1761631624000,""duration"":837000,""updatedTime"":1761631624000,""firstVol"":11060.0,""highestVol"":2886100.0,""firstVolDivLTGB"":4.7816689317265226E-5,""firstVolDivVol"":1.5E-4,""highestVolDivLTGB"":0.012477734813612945,""highestVolDivVol"":0.03906},{""code"":""603232.SH"",""time"":1761634138000,""openTime"":1761634240000,""duration"":99000,""updatedTime"":1761634240000,""firstVol"":8396.0,""highestVol"":745196.0,""firstVolDivLTGB"":3.629917934066536E-5,""firstVolDivVol"":1.02E-4,""highestVolDivLTGB"":0.003221772659355224,""highestVolDivVol"":0.009046},{""code"":""603232.SH"",""time"":1761634246000,""openTime"":1761634252000,""duration"":3000,""updatedTime"":1761634252000,""firstVol"":1000.0,""highestVol"":1900.0,""firstVolDivLTGB"":4.323389630855807E-6,""firstVolDivVol"":1.2E-5,""highestVolDivLTGB"":8.214440298626033E-6,""highestVolDivVol"":2.3E-5},{""code"":""603232.SH"",""time"":1761634255000,""openTime"":1761634258000,""duration"":0,""updatedTime"":1761634258000,""firstVol"":900.0,""highestVol"":900.0,""firstVolDivLTGB"":3.891050667770226E-6,""firstVolDivVol"":1.1E-5,""highestVolDivLTGB"":3.891050667770226E-6,""highestVolDivVol"":1.1E-5},{""code"":""603232.SH"",""time"":1761634327000,""openTime"":1761634339000,""duration"":9000,""updatedTime"":1761634339000,""firstVol"":4600.0,""highestVol"":14700.0,""firstVolDivLTGB"":1.9887592301936712E-5,""firstVolDivVol"":5.6E-5,""highestVolDivLTGB"":6.355382757358036E-5,""highestVolDivVol"":1.77E-4},{""code"":""603232.SH"",""time"":1761634345000,""openTime"":null,""duration"":456000,""updatedTime"":1761636676000,""firstVol"":13700.0,""highestVol"":662340.0,""firstVolDivLTGB"":5.923043794272456E-5,""firstVolDivVol"":1.65E-4,""highestVolDivLTGB"":0.002863553888101035,""highestVolDivVol"":0.007958}]",1,抗量子密码+拟收购+鸿蒙生态+低空经济,662340,14710571.4,0.7957944508854284,0.2863553888101035,10,5137172900.000,4天3板,放量涨停,17,603232
002474.SZ,榕基软件,8.56,10.025706941,涨停, 09:36:30, 09:51:12,"[{""code"":""002474.SZ"",""time"":1761615390000,""openTime"":1761616227000,""duration"":834000,""updatedTime"":1761616227000,""firstVol"":7.94948E7,""highestVol"":1.241055E8,""firstVolDivLTGB"":0.14977373878047132,""firstVolDivVol"":3.151021,""highestVolDivLTGB"":0.23382340402415985,""highestVolDivVol"":3.929059},{""code"":""002474.SZ"",""time"":1761616242000,""openTime"":1761616260000,""duration"":15000,""updatedTime"":1761616260000,""firstVol"":6.57075E7,""highestVol"":7.30148E7,""firstVolDivLTGB"":0.12379750550876055,""firstVolDivVol"":1.02952,""highestVolDivLTGB"":0.13756496754892591,""highestVolDivVol"":1.1423},{""code"":""002474.SZ"",""time"":1761616272000,""openTime"":null,""duration"":13155000,""updatedTime"":1761637473000,""firstVol"":6.29842E7,""highestVol"":8.0146E7,""firstVolDivLTGB"":0.11866661867313284,""firstVolDivVol"":0.904107,""highestVolDivLTGB"":0.15100064492645623,""highestVolDivVol"":1.119323}]",1,国产软件+信创政务+数据要素+AI,10627239,90969165.84,12.480952354052333,2.002245829845018,2,4543356500.000,首板涨停,放量涨停,33,002474
000599.SZ,青岛双星,7.66,10.057471264,涨停, 09:30:45, 09:30:45,"[{""code"":""000599.SZ"",""time"":1761615045000,""openTime"":null,""duration"":14373000,""updatedTime"":1761637482000,""firstVol"":5743300.0,""highestVol"":3.238745E7,""firstVolDivLTGB"":0.007031936788622005,""firstVolDivVol"":0.142592,""highestVolDivLTGB"":0.03965429302746779,""highestVolDivVol"":0.741143}]",3,拟并购锦湖+轮胎+青岛国资+机器人,12546367,96105171.22,23.467327742863368,1.5361422818040693,0,6256267600.000,3天3板,放量涨停,33,000599
601326.SH,秦港股份,3.95,10.027855153,涨停, 09:45:36, 10:19:54,"[{""code"":""601326.SH"",""time"":1761615936000,""openTime"":1761617973000,""duration"":2034000,""updatedTime"":1761617973000,""firstVol"":9.48638E7,""highestVol"":9.48638E7,""firstVolDivLTGB"":0.019939595073860356,""firstVolDivVol"":1.40036,""highestVolDivLTGB"":0.019939595073860356,""highestVolDivVol"":1.40036},{""code"":""601326.SH"",""time"":1761617994000,""openTime"":null,""duration"":11430000,""updatedTime"":1761636699000,""firstVol"":3.0872931E7,""highestVol"":3.7644831E7,""firstVolDivLTGB"":0.006489237653174664,""firstVolDivVol"":0.245746,""highestVolDivLTGB"":0.007912635660430064,""highestVolDivVol"":0.299501}]",1,港口航运+煤炭运输+国企改革,5848338,23100935.1,4.2279629535313505,0.12292728266743513,1,18792358000.000,首板涨停,放量涨停,17,601326
002528.SZ,ST英飞拓,3.2,4.918032787,涨停, 09:33:09, 09:33:09,"[{""code"":""002528.SZ"",""time"":1761615189000,""openTime"":null,""duration"":14223000,""updatedTime"":1761637488000,""firstVol"":2472300.0,""highestVol"":7687435.0,""firstVolDivLTGB"":0.00235407914129942,""firstVolDivVol"":0.28916,""highestVolDivLTGB"":0.007319835935604541,""highestVolDivVol"":0.711726}]",1,智慧城市+深圳国资+ST板块+资产盘活,3390740,10850368,23.946732619984733,0.3228601022355537,0,3360702600.000,首板涨停,缩量涨停,33,002528
603186.SH,华正新材,51.24,10.004293688,涨停, 11:28:10, 11:28:10,"[{""code"":""603186.SH"",""time"":1761622090000,""openTime"":null,""duration"":7332000,""updatedTime"":1761636673000,""firstVol"":7632728.0,""highestVol"":7632728.0,""firstVolDivLTGB"":0.0537428217102178,""firstVolDivVol"":0.591511,""highestVolDivLTGB"":0.0537428217102178,""highestVolDivVol"":0.591511}]",1,覆铜板+AI服务器+固态电池+三季报扭亏,1191590,61057071.6,8.304922282880321,0.8390107563334948,0,7277269200.000,首板涨停,放量涨停,17,603186
605178.SH,时空科技,52.46,10.002096876,涨停, 09:25:03, 09:25:03,"[{""code"":""605178.SH"",""time"":1761614703000,""openTime"":null,""duration"":14454000,""updatedTime"":1761636693000,""firstVol"":6.139964E7,""highestVol"":6.139964E7,""firstVolDivLTGB"":0.6196976180863948,""firstVolDivVol"":1544.256539,""highestVolDivLTGB"":0.6196976180863948,""highestVolDivVol"":1544.256539}]",5,重大资产重组+存储芯片+文旅夜游+智慧城市,7794120,408879535.2,2273.133457769482,7.866491723859507,0,5197736800.000,4天4板,一字涨停||缩量涨停,17,605178
